{
    "_xSens": 161.1190185546875,
    "_ySens": 161.1190185546875
}