{
    "_xSens": 100.10045623779297,
    "_ySens": 100.10045623779297
}