{
    "_xSens": 157.54879760742188,
    "_ySens": 157.54879760742188
}