{
    "_xSens": 110.10240936279297,
    "_ySens": 110.10240936279297
}