{
    "_xSens": 102.48287200927735,
    "_ySens": 102.48287200927735
}