{
    "_xSens": 99.76602172851563,
    "_ySens": 99.76602172851563
}