{
    "_xSens": 148.2199249267578,
    "_ySens": 148.2199249267578
}