{
    "_xSens": 136.84140014648438,
    "_ySens": 136.84140014648438
}