{
    "_xSens": 157.56321716308595,
    "_ySens": 157.56321716308595
}