{
    "_xSens": 110.9937744140625,
    "_ySens": 110.9937744140625
}