{
    "_xSens": 100.32135772705078,
    "_ySens": 100.32135772705078
}