{
    "_xSens": 150.04254150390626,
    "_ySens": 150.04254150390626
}