{
    "_xSens": 123.91226959228516,
    "_ySens": 123.91226959228516
}