{
    "Master": 0.08119207620620728,
    "SFX": 0.9903959631919861,
    "NPC": 0.9759889841079712,
    "MusicSFX": 1.0
}