{
    "Master": 0.8407500386238098,
    "SFX": 0.43367984890937807,
    "NPC": 0.7434071898460388,
    "MusicSFX": 0.8053143620491028
}