{
    "Master": 0.08626021444797516,
    "SFX": 0.9903959631919861,
    "NPC": 1.0,
    "MusicSFX": 1.0
}