{
    "Master": 1.0,
    "SFX": 0.848203182220459,
    "NPC": 0.5181252360343933,
    "MusicSFX": 0.09881801158189774
}