{
    "Master": 0.8523002862930298,
    "SFX": 0.9031181931495667,
    "NPC": 0.9937084913253784,
    "MusicSFX": 0.6588433384895325
}