{
    "Master": 0.9893105626106262,
    "SFX": 0.8058971762657166,
    "NPC": 0.44677692651748659,
    "MusicSFX": 0.14690375328063966
}