{
    "Master": 0.19514323770999909,
    "SFX": 0.9238587617874146,
    "NPC": 0.8442582488059998,
    "MusicSFX": 0.8878954648971558
}