{
    "Master": 0.2365472912788391,
    "SFX": 0.8837370276451111,
    "NPC": 0.827653169631958,
    "MusicSFX": 0.965552031993866
}