{
    "Master": 0.7922515869140625,
    "SFX": 0.9501718878746033,
    "NPC": 0.9341908097267151,
    "MusicSFX": 0.8721547722816467
}