{
    "Master": 0.3595191240310669,
    "SFX": 0.9328651428222656,
    "NPC": 0.8927080631256104,
    "MusicSFX": 0.9061930775642395
}